Failure Probability (%),Vehicle Health (%),Status,Maintenance Alert
0.0,100.0,NORMAL,No maintenance required
100.0,0.0,CRITICAL,Immediate maintenance required
100.0,0.0,CRITICAL,Immediate maintenance required
94.0,6.0,CRITICAL,Immediate maintenance required
14.000000000000002,86.0,NORMAL,No maintenance required
8.0,92.0,NORMAL,No maintenance required
90.0,10.0,CRITICAL,Immediate maintenance required
98.0,2.0,CRITICAL,Immediate maintenance required
0.0,100.0,NORMAL,No maintenance required
2.0,98.0,NORMAL,No maintenance required
1.0,99.0,NORMAL,No maintenance required
0.0,100.0,NORMAL,No maintenance required
94.0,6.0,CRITICAL,Immediate maintenance required
100.0,0.0,CRITICAL,Immediate maintenance required
1.0,99.0,NORMAL,No maintenance required
3.0,97.0,NORMAL,No maintenance required
1.0,99.0,NORMAL,No maintenance required
4.0,96.0,NORMAL,No maintenance required
1.0,99.0,NORMAL,No maintenance required
1.0,99.0,NORMAL,No maintenance required
99.0,1.0,CRITICAL,Immediate maintenance required
100.0,0.0,CRITICAL,Immediate maintenance required
0.0,100.0,NORMAL,No maintenance required
0.0,100.0,NORMAL,No maintenance required
3.0,97.0,NORMAL,No maintenance required
90.0,10.0,CRITICAL,Immediate maintenance required
0.0,100.0,NORMAL,No maintenance required
1.0,99.0,NORMAL,No maintenance required
1.0,99.0,NORMAL,No maintenance required
6.0,94.0,NORMAL,No maintenance required
1.0,99.0,NORMAL,No maintenance required
96.0,4.0,CRITICAL,Immediate maintenance required
0.0,100.0,NORMAL,No maintenance required
0.0,100.0,NORMAL,No maintenance required
2.0,98.0,NORMAL,No maintenance required
0.0,100.0,NORMAL,No maintenance required
96.0,4.0,CRITICAL,Immediate maintenance required
100.0,0.0,CRITICAL,Immediate maintenance required
4.0,96.0,NORMAL,No maintenance required
100.0,0.0,CRITICAL,Immediate maintenance required
99.0,1.0,CRITICAL,Immediate maintenance required
0.0,100.0,NORMAL,No maintenance required
89.0,11.0,CRITICAL,Immediate maintenance required
0.0,100.0,NORMAL,No maintenance required
0.0,100.0,NORMAL,No maintenance required
2.0,98.0,NORMAL,No maintenance required
0.0,100.0,NORMAL,No maintenance required
0.0,100.0,NORMAL,No maintenance required
2.0,98.0,NORMAL,No maintenance required
1.0,99.0,NORMAL,No maintenance required
2.0,98.0,NORMAL,No maintenance required
1.0,99.0,NORMAL,No maintenance required
92.0,8.0,CRITICAL,Immediate maintenance required
7.000000000000001,93.0,NORMAL,No maintenance required
2.0,98.0,NORMAL,No maintenance required
87.0,13.0,CRITICAL,Immediate maintenance required
0.0,100.0,NORMAL,No maintenance required
100.0,0.0,CRITICAL,Immediate maintenance required
8.0,92.0,NORMAL,No maintenance required
100.0,0.0,CRITICAL,Immediate maintenance required
0.0,100.0,NORMAL,No maintenance required
0.0,100.0,NORMAL,No maintenance required
0.0,100.0,NORMAL,No maintenance required
0.0,100.0,NORMAL,No maintenance required
1.0,99.0,NORMAL,No maintenance required
96.0,4.0,CRITICAL,Immediate maintenance required
93.0,7.0,CRITICAL,Immediate maintenance required
96.0,4.0,CRITICAL,Immediate maintenance required
1.0,99.0,NORMAL,No maintenance required
2.0,98.0,NORMAL,No maintenance required
0.0,100.0,NORMAL,No maintenance required
7.000000000000001,93.0,NORMAL,No maintenance required
2.0,98.0,NORMAL,No maintenance required
3.0,97.0,NORMAL,No maintenance required
0.0,100.0,NORMAL,No maintenance required
1.0,99.0,NORMAL,No maintenance required
1.0,99.0,NORMAL,No maintenance required
93.0,7.0,CRITICAL,Immediate maintenance required
0.0,100.0,NORMAL,No maintenance required
0.0,100.0,NORMAL,No maintenance required
1.0,99.0,NORMAL,No maintenance required
0.0,100.0,NORMAL,No maintenance required
0.0,100.0,NORMAL,No maintenance required
1.0,99.0,NORMAL,No maintenance required
1.0,99.0,NORMAL,No maintenance required
2.0,98.0,NORMAL,No maintenance required
2.0,98.0,NORMAL,No maintenance required
1.0,99.0,NORMAL,No maintenance required
2.0,98.0,NORMAL,No maintenance required
0.0,100.0,NORMAL,No maintenance required
3.0,97.0,NORMAL,No maintenance required
99.0,1.0,CRITICAL,Immediate maintenance required
1.0,99.0,NORMAL,No maintenance required
100.0,0.0,CRITICAL,Immediate maintenance required
96.0,4.0,CRITICAL,Immediate maintenance required
93.0,7.0,CRITICAL,Immediate maintenance required
4.0,96.0,NORMAL,No maintenance required
1.0,99.0,NORMAL,No maintenance required
97.0,3.0,CRITICAL,Immediate maintenance required
98.0,2.0,CRITICAL,Immediate maintenance required
0.0,100.0,NORMAL,No maintenance required
2.0,98.0,NORMAL,No maintenance required
0.0,100.0,NORMAL,No maintenance required
0.0,100.0,NORMAL,No maintenance required
1.0,99.0,NORMAL,No maintenance required
100.0,0.0,CRITICAL,Immediate maintenance required
99.0,1.0,CRITICAL,Immediate maintenance required
1.0,99.0,NORMAL,No maintenance required
1.0,99.0,NORMAL,No maintenance required
0.0,100.0,NORMAL,No maintenance required
0.0,100.0,NORMAL,No maintenance required
0.0,100.0,NORMAL,No maintenance required
2.0,98.0,NORMAL,No maintenance required
97.0,3.0,CRITICAL,Immediate maintenance required
0.0,100.0,NORMAL,No maintenance required
3.0,97.0,NORMAL,No maintenance required
1.0,99.0,NORMAL,No maintenance required
97.0,3.0,CRITICAL,Immediate maintenance required
0.0,100.0,NORMAL,No maintenance required
3.0,97.0,NORMAL,No maintenance required
98.0,2.0,CRITICAL,Immediate maintenance required
100.0,0.0,CRITICAL,Immediate maintenance required
0.0,100.0,NORMAL,No maintenance required
100.0,0.0,CRITICAL,Immediate maintenance required
92.0,8.0,CRITICAL,Immediate maintenance required
0.0,100.0,NORMAL,No maintenance required
99.0,1.0,CRITICAL,Immediate maintenance required
22.0,78.0,NORMAL,No maintenance required
11.0,89.0,NORMAL,No maintenance required
2.0,98.0,NORMAL,No maintenance required
0.0,100.0,NORMAL,No maintenance required
0.0,100.0,NORMAL,No maintenance required
2.0,98.0,NORMAL,No maintenance required
100.0,0.0,CRITICAL,Immediate maintenance required
99.0,1.0,CRITICAL,Immediate maintenance required
2.0,98.0,NORMAL,No maintenance required
0.0,100.0,NORMAL,No maintenance required
0.0,100.0,NORMAL,No maintenance required
0.0,100.0,NORMAL,No maintenance required
4.0,96.0,NORMAL,No maintenance required
2.0,98.0,NORMAL,No maintenance required
1.0,99.0,NORMAL,No maintenance required
2.0,98.0,NORMAL,No maintenance required
96.0,4.0,CRITICAL,Immediate maintenance required
92.0,8.0,CRITICAL,Immediate maintenance required
2.0,98.0,NORMAL,No maintenance required
4.0,96.0,NORMAL,No maintenance required
0.0,100.0,NORMAL,No maintenance required
0.0,100.0,NORMAL,No maintenance required
0.0,100.0,NORMAL,No maintenance required
95.0,5.0,CRITICAL,Immediate maintenance required
2.0,98.0,NORMAL,No maintenance required
5.0,95.0,NORMAL,No maintenance required
1.0,99.0,NORMAL,No maintenance required
8.0,92.0,NORMAL,No maintenance required
0.0,100.0,NORMAL,No maintenance required
0.0,100.0,NORMAL,No maintenance required
2.0,98.0,NORMAL,No maintenance required
1.0,99.0,NORMAL,No maintenance required
1.0,99.0,NORMAL,No maintenance required
98.0,2.0,CRITICAL,Immediate maintenance required
0.0,100.0,NORMAL,No maintenance required
1.0,99.0,NORMAL,No maintenance required
7.000000000000001,93.0,NORMAL,No maintenance required
4.0,96.0,NORMAL,No maintenance required
3.0,97.0,NORMAL,No maintenance required
6.0,94.0,NORMAL,No maintenance required
1.0,99.0,NORMAL,No maintenance required
0.0,100.0,NORMAL,No maintenance required
1.0,99.0,NORMAL,No maintenance required
4.0,96.0,NORMAL,No maintenance required
1.0,99.0,NORMAL,No maintenance required
3.0,97.0,NORMAL,No maintenance required
1.0,99.0,NORMAL,No maintenance required
4.0,96.0,NORMAL,No maintenance required
0.0,100.0,NORMAL,No maintenance required
100.0,0.0,CRITICAL,Immediate maintenance required
0.0,100.0,NORMAL,No maintenance required
5.0,95.0,NORMAL,No maintenance required
0.0,100.0,NORMAL,No maintenance required
0.0,100.0,NORMAL,No maintenance required
0.0,100.0,NORMAL,No maintenance required
9.0,91.0,NORMAL,No maintenance required
5.0,95.0,NORMAL,No maintenance required
100.0,0.0,CRITICAL,Immediate maintenance required
0.0,100.0,NORMAL,No maintenance required
0.0,100.0,NORMAL,No maintenance required
2.0,98.0,NORMAL,No maintenance required
53.0,47.0,WARNING,Schedule maintenance soon
97.0,3.0,CRITICAL,Immediate maintenance required
0.0,100.0,NORMAL,No maintenance required
99.0,1.0,CRITICAL,Immediate maintenance required
3.0,97.0,NORMAL,No maintenance required
0.0,100.0,NORMAL,No maintenance required
99.0,1.0,CRITICAL,Immediate maintenance required
1.0,99.0,NORMAL,No maintenance required
0.0,100.0,NORMAL,No maintenance required
3.0,97.0,NORMAL,No maintenance required
0.0,100.0,NORMAL,No maintenance required
1.0,99.0,NORMAL,No maintenance required
